Image Filename,Caption
pittsboro_museum.jpg,"ERROR: API error (404): {
    ""error"": {
        ""message"": ""No models loaded. Please load a model in the developer page or use the `lms load` command."",
        ""type"": ""invalid_request_error"",
        ""param"": ""model"",
        ""code"": ""model_not_found""
    }
}"
StBartsSign.png,"ERROR: API error (404): {
    ""error"": {
        ""message"": ""No models loaded. Please load a model in the developer page or use the `lms load` command."",
        ""type"": ""invalid_request_error"",
        ""param"": ""model"",
        ""code"": ""model_not_found""
    }
}"
